Datetime,Timestamp,rank
2022-12-17 17:11:25,1671293485,20703
2022-12-17 17:22:10,1671294130,20704
2022-12-17 18:33:19,1671298399,20675
2022-12-17 18:37:19,1671298639,20676
2022-12-17 19:01:22,1671300082,20626
2022-12-17 19:03:22,1671300202,20603
2022-12-17 19:05:23,1671300323,20582
2022-12-17 19:06:23,1671300383,20558
2022-12-17 19:10:23,1671300623,20559
2022-12-17 19:11:23,1671300683,20542
2022-12-17 19:17:24,1671301044,20543
2022-12-17 19:28:25,1671301705,20544
2022-12-17 19:37:26,1671302246,20497
2022-12-17 19:50:28,1671303028,20498
2022-12-17 19:58:29,1671303509,20452
2022-12-18 10:48:24,1671356904,20474
2022-12-18 11:55:35,1671360935,20476
2022-12-18 12:12:38,1671361958,20477
2022-12-18 12:30:40,1671363040,20478
2022-12-18 12:33:41,1671363221,20453
2022-12-18 12:41:42,1671363702,20428
2022-12-19 18:06:59,1671469619,20491
2022-12-19 18:21:01,1671470461,20464
2022-12-19 18:26:02,1671470762,20428
2022-12-19 18:27:02,1671470822,20429
2022-12-19 18:28:02,1671470882,20408
2022-12-19 18:37:03,1671471423,20379
2022-12-19 18:39:04,1671471544,20357
2022-12-19 18:41:04,1671471664,20336
2022-12-19 18:43:04,1671471784,20318
2022-12-19 18:44:04,1671471844,20292
2022-12-19 18:45:04,1671471904,20238
2022-12-19 18:46:05,1671471965,20211
2022-12-19 18:48:05,1671472085,20185
2022-12-19 18:52:05,1671472325,20165
2022-12-19 19:30:12,1671474612,20166
2022-12-19 19:33:12,1671474792,20167
2022-12-20 12:47:43,1671536863,20209
2022-12-20 13:04:45,1671537885,20210
2022-12-20 13:37:51,1671539871,20211
2022-12-20 13:46:52,1671540412,20212
2022-12-20 13:49:53,1671540593,20213
2022-12-20 14:33:00,1671543180,20214
2022-12-20 15:05:06,1671545106,20215
2022-12-20 15:28:10,1671546490,20216
2022-12-20 15:41:12,1671547272,20217
2022-12-20 16:13:17,1671549197,20218
2022-12-20 16:24:19,1671549859,20194
2022-12-20 16:25:19,1671549919,20165
2022-12-20 16:29:20,1671550160,20132
2022-12-20 16:37:21,1671550641,20110
2022-12-20 16:38:21,1671550701,20087
2022-12-20 16:42:21,1671550941,20058
2022-12-20 16:44:22,1671551062,20038
2022-12-20 16:45:22,1671551122,20011
2022-12-20 16:46:22,1671551182,19999
2022-12-20 16:55:23,1671551723,19985
2022-12-20 16:56:23,1671551783,19963
2022-12-20 17:05:24,1671552324,19964
2022-12-20 17:11:25,1671552685,19966
2022-12-20 17:15:26,1671552926,19967
2022-12-21 16:24:09,1671636249,20012
2022-12-21 16:38:11,1671637091,20013
2022-12-21 16:41:11,1671637271,19971
2022-12-21 16:57:13,1671638233,19935
2022-12-21 16:58:13,1671638293,19883
2022-12-21 17:33:18,1671640398,19884
2022-12-21 18:15:26,1671642926,19885
2022-12-21 18:20:27,1671643227,19886
2022-12-21 18:39:30,1671644370,19887
2022-12-21 18:40:30,1671644430,19888
2022-12-21 18:46:31,1671644791,19889
2022-12-21 18:52:33,1671645153,19890
2022-12-21 18:56:33,1671645393,19891
2022-12-21 19:24:38,1671647078,19893
2022-12-21 19:25:38,1671647138,19894
2022-12-21 19:27:39,1671647259,19895
2022-12-21 19:43:41,1671648221,19896
2022-12-21 19:47:42,1671648462,19897
2022-12-21 19:51:43,1671648703,19898
2022-12-21 19:57:44,1671649064,19899
2022-12-21 20:03:45,1671649425,19900
2022-12-21 20:12:46,1671649966,19901
2022-12-21 20:20:47,1671650447,19902
2022-12-21 20:30:49,1671651049,19903
2022-12-21 20:49:51,1671652191,19904
2022-12-21 21:08:54,1671653334,19905
2022-12-21 21:17:55,1671653875,19906
2022-12-21 21:21:56,1671654116,19907
2022-12-21 21:25:56,1671654356,19908
2022-12-21 21:28:57,1671654537,19909
2022-12-21 22:16:03,1671657363,19910
2022-12-27 19:39:24,1672166364,20154
2022-12-27 19:47:25,1672166845,20119
2022-12-27 19:52:26,1672167146,20096
2022-12-27 19:53:26,1672167206,20071
2022-12-27 19:57:27,1672167447,20045
2022-12-27 20:00:27,1672167627,20022
2022-12-27 20:03:27,1672167807,19997
2022-12-27 20:04:28,1672167868,19979
2022-12-27 20:06:28,1672167988,19963
2022-12-27 20:10:28,1672168228,19920
2022-12-28 10:49:28,1672220968,19944
2022-12-28 10:53:29,1672221209,19926
2022-12-28 11:12:31,1672222351,19927
2022-12-28 11:17:32,1672222652,19882
2022-12-28 11:33:34,1672223614,19883
2022-12-28 11:46:36,1672224396,19863
2022-12-28 11:55:37,1672224937,19864
2022-12-28 11:58:38,1672225118,19850
2022-12-28 11:59:38,1672225178,19851
2022-12-28 12:10:40,1672225840,19812
2022-12-28 12:40:44,1672227644,19813
2022-12-28 13:44:53,1672231493,19814
2022-12-28 13:57:54,1672232274,19815
2022-12-28 14:04:55,1672232695,19816
2022-12-28 14:09:56,1672232996,19817
2022-12-28 14:13:57,1672233237,19818
2022-12-28 15:33:09,1672237989,19819
2022-12-28 16:28:18,1672241298,19820
2022-12-28 16:51:21,1672242681,19821
2022-12-28 17:50:30,1672246230,19822
2022-12-28 19:07:41,1672250861,19823
2022-12-28 19:45:46,1672253146,19824
2022-12-28 20:54:57,1672257297,19825
2022-12-28 20:56:57,1672257417,19826
2022-12-28 21:38:04,1672259884,19827
2022-12-29 00:06:26,1672268786,19828
2022-12-29 01:33:39,1672274019,19829
2022-12-29 01:40:40,1672274440,19830
2022-12-29 03:04:53,1672279493,19831
2022-12-29 03:48:00,1672282080,19832
2022-12-29 05:09:12,1672286952,19833
2022-12-29 06:19:24,1672291164,19834
2022-12-29 07:55:40,1672296940,19835
2022-12-29 08:14:43,1672298083,19836
2022-12-29 10:15:06,1672305306,19837
2022-12-29 11:00:13,1672308013,19838
2022-12-29 11:53:20,1672311200,19839
2022-12-29 14:34:50,1672320890,19840
2022-12-29 15:17:56,1672323476,19841
2022-12-29 15:32:58,1672324378,19842
2022-12-29 16:46:10,1672328770,19843
2022-12-29 16:47:10,1672328830,19828
2022-12-29 16:53:11,1672329191,19829
2022-12-29 17:06:13,1672329973,19830
2022-12-29 17:24:16,1672331056,19831
2022-12-29 17:39:18,1672331958,19832
2022-12-29 17:41:19,1672332079,19803
2022-12-29 17:42:19,1672332139,19781
2022-12-29 18:15:26,1672334126,19761
2023-01-02 23:08:06,1672697286,19905
2023-01-03 14:17:15,1672751835,19917
2023-01-03 14:22:17,1672752137,19844
2023-01-03 14:35:21,1672752921,19762
2023-01-03 14:42:23,1672753343,19763
2023-01-03 14:45:24,1672753524,19682
2023-01-03 14:52:27,1672753947,19683
2023-01-03 14:59:29,1672754369,19684
2023-01-03 15:13:34,1672755214,19613
2023-01-03 15:14:34,1672755274,19532
2023-01-03 15:26:38,1672755998,19533
2023-01-03 15:54:47,1672757687,19447
2023-01-03 15:59:48,1672757988,19448
2023-01-03 16:04:50,1672758290,19449
2023-01-03 16:12:52,1672758772,19432
2023-01-03 16:13:53,1672758833,19400
2023-01-03 16:15:53,1672758953,19373
2023-01-03 16:16:54,1672759014,19374
2023-01-03 16:18:54,1672759134,19375
2023-01-03 16:33:59,1672760039,19376
2023-01-04 17:28:20,1672849700,19419
2023-01-04 17:36:21,1672850181,19397
2023-01-04 17:37:22,1672850242,19380
2023-01-04 17:38:22,1672850302,19381
2023-01-04 17:39:22,1672850362,19354
2023-01-04 17:40:22,1672850422,19329
2023-01-04 23:14:33,1672870473,19340
2023-01-08 12:22:08,1673176928,19454
2023-01-08 12:31:10,1673177470,19455
2023-01-08 12:38:11,1673177891,19456
2023-01-08 14:54:32,1673186072,19457
2023-01-08 15:11:34,1673187094,19458
2023-01-08 15:18:35,1673187515,19459
2023-01-08 15:43:39,1673189019,19436
2023-01-11 11:41:44,1673433704,19521
2023-01-11 11:44:44,1673433884,19499
2023-01-11 11:45:45,1673433945,19479
2023-01-11 11:48:45,1673434125,19433
2023-01-11 11:51:45,1673434305,19407
2023-01-11 11:58:46,1673434726,19390
2023-01-11 11:59:46,1673434786,19362
2023-01-11 14:31:27,1673443887,19367
2023-01-11 14:33:28,1673444008,19342
2023-01-11 14:34:28,1673444068,19312
2023-01-11 14:35:28,1673444128,19287
2023-01-16 23:25:44,1673907944,19466
2023-01-16 23:32:02,1673908322,19446
2023-01-16 23:43:04,1673908984,19447
2023-01-16 23:56:06,1673909766,19415
2023-01-16 23:58:06,1673909886,19397
2023-01-17 10:16:03,1673946963,19410
2023-01-17 10:28:07,1673947687,19386
2023-01-17 10:34:08,1673948048,19350
2023-01-17 10:43:11,1673948591,19300
2023-01-17 10:48:12,1673948892,19301
2023-01-17 10:55:14,1673949314,19282
2023-01-17 11:19:21,1673950761,19258
2023-01-17 11:20:22,1673950822,19242
2023-01-17 11:45:29,1673952329,19205
2023-01-17 12:26:41,1673954801,19178
2023-01-17 12:27:41,1673954861,19152
2023-01-17 12:34:43,1673955283,19127
2023-01-17 12:35:43,1673955343,19091
2023-01-17 14:17:54,1673961474,19095
2023-01-17 14:42:01,1673962921,19096
2023-01-17 15:14:10,1673964850,19097
2023-01-17 15:16:11,1673964971,19098
2023-01-17 15:17:11,1673965031,19099
2023-01-17 15:33:17,1673965997,19079
2023-01-17 16:22:37,1673968957,19080
2023-01-17 16:30:39,1673969439,19081
2023-01-18 15:48:29,1674053309,19105
2023-01-18 16:06:31,1674054391,19106
2023-01-18 16:28:35,1674055715,19107
2023-01-18 16:40:37,1674056437,19108
2023-01-18 17:01:40,1674057700,19082
2023-01-18 17:08:41,1674058121,19048
2023-01-18 17:15:42,1674058542,19026
2023-01-18 17:55:00,1674060900,19027
2023-01-18 17:57:00,1674061020,19028
2023-01-18 18:02:01,1674061321,19029
2023-01-18 18:35:06,1674063306,19008
2023-01-18 19:07:10,1674065230,18983
2023-01-18 19:40:10,1674067210,18960
2023-01-18 19:41:10,1674067270,18932
2023-01-18 19:47:11,1674067631,18862
2023-01-18 19:49:11,1674067751,18831
2023-01-18 19:50:11,1674067811,18800
2023-01-18 19:52:12,1674067932,18779
2023-01-18 19:54:12,1674068052,18736
2023-01-18 19:55:12,1674068112,18687
2023-01-18 19:58:12,1674068292,18671
2023-01-18 20:01:13,1674068473,18630
2023-01-18 20:02:13,1674068533,18570
2023-01-18 20:03:13,1674068593,18549
2023-01-19 17:00:18,1674144018,18576
2023-01-19 18:01:27,1674147687,18577
2023-01-19 18:31:32,1674149492,18578
2023-01-19 18:54:35,1674150875,18516
2023-01-19 19:29:41,1674152981,18517
2023-01-19 20:43:52,1674157432,18518
2023-01-19 20:49:53,1674157793,18519
2023-01-19 21:24:58,1674159898,18451
2023-01-19 21:25:59,1674159959,18452
2023-01-19 22:01:04,1674162064,18453
2023-01-19 22:19:07,1674163147,18454
2023-01-19 22:42:10,1674164530,18455
2023-01-19 22:43:11,1674164591,18456
2023-01-19 23:10:34,1674166234,18382
2023-01-19 23:47:06,1674168426,18383
2023-01-19 23:48:06,1674168486,18383
2023-01-20 17:08:29,1674230909,18376
2023-01-20 17:10:30,1674231030,18359
2023-01-20 17:41:34,1674232894,18360
2023-01-21 17:39:41,1674319181,18391
2023-01-21 17:58:44,1674320324,18392
2023-01-21 18:23:47,1674321827,18375
2023-01-21 18:24:47,1674321887,18357
2023-01-21 18:42:49,1674322969,18358
2023-01-21 18:48:50,1674323330,18317
2023-01-22 11:09:46,1674382186,18331
2023-01-22 11:13:46,1674382426,18332
2023-01-22 11:42:50,1674384170,18281
2023-01-22 11:53:51,1674384831,18238
2023-01-22 12:02:53,1674385373,18195
2023-01-22 12:14:55,1674386095,18153
2023-01-22 14:34:13,1674394453,18154
2023-01-22 15:04:17,1674396257,18155
2023-01-22 17:48:38,1674406118,18156
2023-01-22 18:00:39,1674406839,18157
2023-01-22 18:53:46,1674410026,18158
2023-01-22 19:19:50,1674411590,18159
2023-01-22 19:25:51,1674411951,18160
2023-01-22 19:30:51,1674412251,18161
2023-01-22 19:49:54,1674413394,18162
2023-01-22 20:17:58,1674415078,18163
2023-01-22 21:11:05,1674418265,18164
2023-01-22 21:19:06,1674418746,18165
2023-01-22 21:31:08,1674419468,18166
2023-01-22 22:02:12,1674421332,18167
2023-01-23 12:16:33,1674472593,18176
2023-01-23 12:50:28,1674474628,18132
2023-01-23 12:51:28,1674474688,18133
2023-01-23 12:58:29,1674475109,18134
2023-01-23 12:59:29,1674475169,18135
2023-01-23 14:54:48,1674482088,18091
2023-01-23 15:04:49,1674482689,18042
