2023-10-14 10:44:05,1697273045,2085
2023-10-16 20:34:16,1697481256,2093
2023-12-04 22:53:23,1701726803,2217
2023-12-09 09:47:20,1702111640,2233
2023-12-09 14:44:58,1702129498,2234
2023-12-09 16:48:51,1702136931,2235
2023-12-09 17:58:17,1702141097,2235
2023-12-10 14:33:11,1702215191,2238
2023-12-10 16:12:44,1702221164,2239
2023-12-15 20:25:26,1702668326,2252
2023-12-16 17:05:40,1702742740,2253
2023-12-16 18:30:42,1702747842,2254
2023-12-16 23:45:51,1702766751,2255
2023-12-18 00:06:34,1702854394,2258
2023-12-18 21:02:30,1702929750,2260
2023-12-19 20:22:15,1703013735,2263
2023-12-20 23:15:11,1703110511,2269
2023-12-23 11:54:31,1703328871,2275
2023-12-24 16:19:43,1703431183,2280
2023-12-28 19:27:58,1703788078,2296
2023-12-28 20:38:17,1703792297,2296
2023-12-30 15:46:20,1703947580,2297
2024-01-03 21:25:13,1704313513,2308
