2023-10-14 10:43:58,1697273038,18939
2023-10-16 20:33:57,1697481237,18997
2023-10-16 20:48:07,1697482087,18998
2023-10-16 20:51:13,1697482273,18999
2023-10-16 21:19:44,1697483984,19000
2023-10-16 22:54:24,1697489664,19001
2023-12-04 22:53:23,1701726803,20036
2023-12-09 09:47:21,1702111641,20149
2023-12-09 11:52:34,1702119154,20150
2023-12-09 12:14:00,1702120440,20151
2023-12-09 12:38:28,1702121908,20152
2023-12-09 12:53:45,1702122825,20153
2023-12-09 14:50:04,1702129804,20154
2023-12-09 15:17:36,1702131456,20155
2023-12-09 15:56:21,1702133781,20156
2023-12-09 17:04:16,1702137856,20157
2023-12-09 17:06:18,1702137978,20158
2023-12-09 17:28:46,1702139326,20159
2023-12-09 17:58:18,1702141098,20159
2023-12-10 14:33:12,1702215192,20182
2023-12-10 14:34:12,1702215252,20183
2023-12-10 14:38:15,1702215495,20184
2023-12-10 14:50:27,1702216227,20185
2023-12-15 20:25:27,1702668327,20320
2023-12-16 17:05:40,1702742740,20339
2023-12-16 17:51:07,1702745467,20340
2023-12-16 17:54:12,1702745652,20341
2023-12-16 18:13:28,1702746808,20342
2023-12-16 18:14:29,1702746869,20343
2023-12-16 18:27:40,1702747660,20344
2023-12-16 18:53:02,1702749182,20345
2023-12-16 19:29:32,1702751372,20346
2023-12-16 19:40:33,1702752033,20347
2023-12-16 20:08:06,1702753686,20348
2023-12-16 20:28:27,1702754907,20349
2023-12-16 20:31:29,1702755089,20350
2023-12-16 21:15:06,1702757706,20351
2023-12-16 21:27:15,1702758435,20352
2023-12-16 21:28:16,1702758496,20353
2023-12-16 22:22:55,1702761775,20354
2023-12-16 22:41:09,1702762869,20355
2023-12-16 22:49:14,1702763354,20356
2023-12-16 22:55:18,1702763718,20357
2023-12-17 02:01:21,1702774881,20358
2023-12-17 03:36:33,1702780593,20359
2023-12-17 04:46:32,1702784792,20360
2023-12-17 04:49:35,1702784975,20361
2023-12-17 05:39:15,1702787955,20362
2023-12-17 06:25:52,1702790752,20363
2023-12-17 07:39:52,1702795192,20364
2023-12-17 08:09:16,1702796956,20365
2023-12-17 09:09:04,1702800544,20366
2023-12-17 09:15:08,1702800908,20367
2023-12-17 09:19:11,1702801151,20368
2023-12-17 09:28:19,1702801699,20369
2023-12-17 10:04:54,1702803894,20370
2023-12-17 10:18:09,1702804689,20371
2023-12-17 10:53:37,1702806817,20372
2023-12-17 11:24:04,1702808644,20373
2023-12-17 12:09:49,1702811389,20374
2023-12-18 00:06:34,1702854394,20397
2023-12-18 21:02:31,1702929751,20427
2023-12-18 21:17:20,1702930640,20428
2023-12-18 22:05:59,1702933559,20429
2023-12-19 20:22:15,1703013735,20459
2023-12-19 20:40:29,1703014829,20460
2023-12-19 21:12:53,1703016773,20461
2023-12-20 23:15:11,1703110511,20492
2023-12-20 23:50:25,1703112625,20493
2023-12-23 11:54:31,1703328871,20546
2023-12-23 12:14:55,1703330095,20547
2023-12-23 13:15:49,1703333749,20548
2023-12-23 13:19:52,1703333992,20549
2023-12-23 14:05:30,1703336730,20550
2023-12-23 14:28:47,1703338127,20551
2023-12-23 15:53:50,1703343230,20552
2023-12-23 15:58:54,1703343534,20553
2023-12-23 16:01:56,1703343716,20554
2023-12-24 16:19:43,1703431183,20575
2023-12-28 19:27:58,1703788078,20699
2023-12-28 19:58:56,1703789936,20700
2023-12-28 20:55:29,1703793329,20701
2023-12-28 21:10:44,1703794244,20702
2023-12-28 22:56:05,1703800565,20703
2023-12-28 22:59:08,1703800748,20704
2023-12-28 23:11:17,1703801477,20705
2023-12-28 23:25:27,1703802327,20706
2023-12-28 23:31:30,1703802690,20707
2023-12-29 00:03:52,1703804632,20708
2023-12-29 00:06:54,1703804814,20709
2023-12-29 02:43:39,1703814219,20710
2023-12-29 04:41:33,1703821293,20711
2023-12-29 06:25:15,1703827515,20712
2023-12-29 08:20:53,1703834453,20713
2023-12-29 10:57:05,1703843825,20714
2023-12-29 11:09:14,1703844554,20715
2023-12-29 11:23:25,1703845405,20716
2023-12-29 12:13:05,1703848385,20717
2023-12-29 14:33:16,1703856796,20718
2023-12-29 15:38:09,1703860689,20719
2023-12-29 16:35:48,1703864148,20721
2023-12-29 16:50:59,1703865059,20722
2023-12-29 16:53:01,1703865181,20723
2023-12-29 17:28:28,1703867308,20724
2023-12-30 11:38:40,1703932720,20740
2023-12-30 13:05:44,1703937944,20741
2023-12-30 13:17:53,1703938673,20742
2023-12-30 13:57:04,1703941024,20743
2023-12-30 14:45:19,1703943919,20744
2023-12-30 16:47:35,1703951255,20745
2023-12-30 16:56:42,1703951802,20746
2023-12-30 16:57:42,1703951862,20747
2023-12-31 08:57:03,1704009423,20763
2023-12-31 09:17:19,1704010639,20764
2023-12-31 09:34:32,1704011672,20765
2023-12-31 13:32:58,1704025978,20766
2023-12-31 14:27:56,1704029276,20767
2024-01-03 21:25:13,1704313513,20833
2024-01-03 21:40:43,1704314443,20834
